247,1969,Toyota,2000GT
249,1962,Ferrari,250 GTO
251,1954,Mercedes-Benz,300 SL Coupé
253,1994,Ferrari,F355 Berlinetta
255,1992,Ferrari,512 TR
257,2002,Ferrari,575M Maranello
260,1973,Porsche,911 Carrera RS
261,1995,Porsche,911 GT2
262,2004,Porsche,911 GT3
263,2007,Porsche,911 GT3
265,1982,Porsche,911 Turbo 3.3
266,1970,Porsche,914/6
268,1989,Porsche,944 Turbo
269,1987,Porsche,
278,2006,Vauxhall,Astra VXR
286,2004,Mercedes-Benz,C 32 AMG
287,2002,Chevrolet,Camaro 35th Anniversary Super Sport
289,1969,Chevrolet,Camaro Super Sport Coupe
291,1990,Vauxhall,Lotus Carlton
292,2003,Porsche,Carrera GT
295,2003,Toyota,Celica Sport Specialty II
297,2003,Ferrari,360 Challenge Stradale
299,1970,Chevrolet,Chevelle Super Sport 454
302,2004,Honda,Civic Type R
306,1965,Shelby,Cobra 427 S/C
309,1995,Volkswagen,Corrado VR6
312,1967,Chevrolet,Corvette Stingray 427
314,2002,Chevrolet,Corvette Z06
315,1970,Chevrolet,Corvette ZR-1
316,1988,Lamborghini,Countach LP5000 QV
320,1991,Honda,CR-X SiR
323,1992,Lancia,Delta HF Integrale EVO
324,1999,Lamborghini,Diablo GTR
325,1997,Lamborghini,Diablo SV
326,1969,Ferrari,Dino 246 GT
327,1995,Mitsubishi,Eclipse GSX
330,1971,Lotus,Elan Sprint
333,2002,Ferrari,Enzo Ferrari
335,2002,Lotus,Esprit V8
336,1961,Jaguar,E-type
338,1997,McLaren,F1 GT
340,1987,Ferrari,F40
342,1995,Ferrari,F50
343,1969,Nissan,Fairlady Z 432
344,2003,Nissan,Fairlady Z
345,1994,Nissan,Fairlady Z Version S Twin Turbo
348,2005,Ford,Ford GT
349,1998,Mitsubishi,FTO GP Version R
350,2003,Infiniti,G35 Coupe
353,1992,Volkswagen,Golf Gti 16v Mk2
354,2003,Volkswagen,Golf R32
357,1997,Mitsubishi,GTO
358,1984,Ferrari,288 GTO
363,1998,SUBARU,Impreza 22B-STi Version
364,2004,SUBARU,IMPREZA WRX STI
365,2005,Subaru,Impreza WRX STI
368,2001,Acura,Integra Type R
374,2006,Mitsubishi,Lancer Evolution IX MR
375,1999,Mitsubishi,Lancer Evolution VI GSR
378,2004,Mitsubishi,Lancer Evolution VIII MR
382,1997,BMW,M3
383,2005,BMW,M3
391,2004,Maserati,MC12
398,1995,Toyota,MR2 GT
405,2000,Ford,SVT Cobra R
411,2005,Honda,NSX-R
412,1992,Honda,NSX-R
417,1970,Buick,GSX
419,2006,Audi,RS 4
420,2003,Audi,RS 6
423,1990,Mazda,Savanna RX-7
424,1997,Mazda,RX-7
425,2002,Mazda,RX-7 Spirit R Type-A
428,2004,Audi,S4
432,2004,Saleen,S7
439,1992,Nissan,Silvia CLUB K’s
440,1994,Nissan,Silvia K’s
441,2000,Nissan,Silvia Spec-R
444,1993,Nissan,Skyline GT-R V-Spec
445,2002,Nissan,Skyline GT-R V-Spec II
453,2003,Renault,Sport Clio V6
455,1985,Toyota,Sprinter Trueno GT Apex
457,1996,Dodge,Stealth R/T Turbo
460,1992,Toyota,Supra 2.0 GT
461,1998,Toyota,Supra RZ
462,1998,Eagle,Talon TSi Turbo
479,2001,Aston Martin,V12 Vanquish
483,1999,Dodge,Viper GTS ACR
489,1993,Jaguar,XJ220
498,2003,Bentley,#7 Team Bentley Speed 8
505,1999,BMW,#15 BMW Motorsport V12 LMR
513,1969,Dodge,Charger R/T
524,1998,Ferrari,#12 Risi Competizione F333 SP
540,1987,Porsche,#17 Porsche AG 962c
550,1993,Peugeot,#3 Peugeot Talbot Sport 905 EVO 1C
555,1999,Toyota,#3 Toyota Motorsports GT-ONE TS020
565,2002,BMW,M3-GTR
567,1998,Nissan,R390 (GT1)
568,1997,Mercedes-Benz,CLK GTR
633,1984,Audi,Sport quattro
634,1980,Renault,5 Turbo
637,1967,Lamborghini,Miura P400
639,1970,Dodge,Challenger R/T
641,1997,Porsche,911 GT1 Strassenversion
642,1991,BMW,M3
1005,1973,Pontiac,Firebird Trans Am SD-455
1009,2008,Mitsubishi,Lancer Evolution X GSR
1011,2008,BMW,M3
1020,1996,Ferrari,F50 GT
1022,2007,Ferrari,430 Scuderia
1023,1989,Ferrari,F40 Competizione
1033,1990,Chevrolet,Camaro IROC-Z
1034,1994,Toyota,Celica GT-Four ST205
1040,1981,BMW,M1
1041,1993,Ford,SVT Cobra R
1042,1971,Nissan,Skyline 2000GT-R
1043,1997,Nissan,Skyline GT-R V-Spec
1045,1987,Pontiac,Firebird Trans Am GTA
1046,2008,Dodge,Viper SRT10 ACR
1060,2008,SUBARU,IMPREZA WRX STI
1063,1969,Dodge,Charger Daytona HEMI
1065,2002,Pontiac,Firebird Trans Am Ram Air
1069,2009,Chevrolet,Corvette ZR1
1081,2008,Aston Martin,DBS
1086,2009,Ford,Focus RS
1090,2009,Mercedes-Benz,SL 65 AMG Black Series
1104,1970,Datsun,
1105,1964,Aston Martin,DB5
1110,1994,Mazda,MX-5 Miata
1125,2008,Lamborghini,Reventon
1126,2009,BMW,M5
1131,2009,Ferrari,458 Italia
1150,1965,Alfa Romeo,Giulia Sprint GTA Stradale
1154,1957,Ferrari,250 Testa Rossa
1155,1965,Shelby,Cobra Daytona Coupe
1171,2010,Ferrari,599XX
1173,2010,Lamborghini,Murciélago LP 670-4 SV
1202,2011,Mercedes-Benz,SLS AMG
1216,2011,Audi,RS 3 Sportback
1217,2010,BMW,M6 Coupé '10
1219,1992,Bugatti,EB110 Super Sport
1260,2010,Lexus,LFA
1267,1971,AMC,Javelin AMX
1268,2002,BMW,Z3 M Coupé
1269,1973,BMW,2002 Turbo
1272,1992,Ford,Escort RS Cosworth
1273,1997,Honda,Civic Type R
1277,1971,Plymouth,Cuda 426 HEMI
1278,1973,Ford,XB Falcon GT
1280,1970,Mercury,Cougar Eliminator
1281,1955,Porsche,550 Spyder
1282,1993,Nissan,240SX SE
1290,1986,BMW,M635 CSi
1292,1986,Dodge,Shelby Omni GLHS
1293,1987,Ford,Sierra Cosworth RS500
1296,1990,Mercedes-Benz,190E 2.5-16 Evolution II
1301,1956,Jaguar,D-Type
1302,1977,Ford,Escort RS1800
1306,2005,Dodge,SRT-4 ACR
1309,1969,Pontiac,GTO Judge
1314,1993,McLaren,F1
1317,2010,Chevrolet,#55 Level 5 Motorsports Oreca FLM09
1322,2011,Lamborghini,Gallardo LP 570-4 Superleggera
1323,2011,SUBARU,WRX STI
1325,2011,Alfa Romeo,Giulietta Quadrifoglio Verde
1328,2011,Bugatti,Veyron Super Sport
1329,1987,Buick,Regal GNX
1330,1970,Chevrolet,Camaro Z28
1331,1971,Plymouth,GTX 426 HEMI
1335,1991,Mazda,#55 Mazda 787B
1336,1969,Oldsmobile,Hurst/Olds 442
1337,1969,Pontiac,Firebird Trans Am
1348,2011,Peugeot,308 GTI
1352,1970,Dodge,Coronet Super Bee
1355,1965,Ford,Mustang GT Coupe
1367,2003,BMW,M5
1368,1988,BMW,M5
1369,2010,Pagani,Zonda Cinque Roadster
1370,1995,Audi,Avant RS 2
1380,1981,Volkswagen,Scirocco S
1381,1992,Mitsubishi,Galant VR-4
1382,1990,SUBARU,LEGACY RS
1383,1998,Volkswagen,Gti VR6 Mk3
1385,2011,BMW,1 Series M Coupé
1386,1958,Aston Martin,DBR1
1387,1997,Volvo,850 R
1388,2012,BMW,M5
1392,2011,Lamborghini,Sesto Elemento
1395,1989,Toyota,MR2 SC
1396,2011,HSV,GTS
1403,2010,Mazda,Racing B09/86
1426,2011,Mazda,RX-8 R3
1429,1969,Chevrolet,Nova Super Sport 396
1440,2011,Ferrari,Risi Competizione 458 Italia GTC
1451,2012,Ascari,KZ1R
1457,1969,McLaren,#4 McLaren Cars M8B
1462,1957,Maserati,300 S
1480,1985,Mazda,RX-7 GSL-SE
1481,1965,Austin-Healey,3000 MkIII
1486,1966,Ford,Lotus Cortina
1487,1958,MG,MGA Twin-Cam
1490,2012,Vauxhall,Astra VXR
1493,1995,BMW,850CSi
1500,2012,Mercedes-Benz,C 63 AMG Coupé Black Series
1510,1993,Ford,Mustang SVT Cobra R
1511,1968,Holden,Monaro GTS 327
1513,1997,Maserati,Ghibli Cup
1514,1973,Mazda,RX-3
1517,1992,Toyota,Celica GT-Four RC ST185
1519,1998,Aston Martin,V8 Vantage V600
1524,1961,Maserati,Tipo 61 Birdcage
1525,2012,Mercedes-Benz,SLK 55 AMG
1533,1977,Holden,Torana A9X
1535,2013,Lexus,GS350 F Sport
1537,1974,Toyota,Corolla SR5
1539,2012,Porsche,911 GT2 RS
1550,1960,Aston Martin,DB4 GT Zagato
1551,1989,Aston Martin,#18 Aston Martin AMR1
1553,1966,Chaparral,#66 Chaparral Cars 2E
1559,1955,Mercedes-Benz,300 SLR
1560,1989,Mercedes-Benz,#63 Sauber-Mercedes C 9
1562,2013,SRT,Viper GTS
1572,1970,AMC,Rebel The Machine
1573,1989,Audi,#4 Audi 90 quattro IMSA GTO
1575,1988,Chevrolet,Monte Carlo Super Sport
1578,1962,Ferrari,250 GT Berlinetta Lusso
1580,1973,Ford,Escort RS1600
1583,2012,Lamborghini,Aventador J
1587,1972,Mazda,Cosmo 110S Series II
1589,1966,MG,MGB GT
1591,1984,Peugeot,205 Turbo 16
1592,1974,Toyota,Celica GT
1598,2010,BMW,M3 GTS
1599,2012,Ferrari,599XX Evolution
1607,2013,Audi,RS 4 Avant
1612,1988,Volkswagen,Scirocco 16v
1620,2012,Dodge,Challenger SRT8
1651,2013,Ariel,Atom 500 V8
1652,2013,Caterham,Superlight R500
1653,2013,KTM,X-Bow R
1654,2007,Ford,Mustang GT500
1655,2013,SUBARU,BRZ
1658,2013,Mercedes-Benz,A 45 AMG
1662,1965,MINI,Cooper S
1663,2012,Infiniti,IPL G Coupe
1665,2011,Citroen,DS 3 Racing
1667,2013,McLaren,P1
1668,1969,Ford,Mustang Boss 302
1670,1988,McLaren,#12 Honda McLaren MP4/4
1671,1966,McLaren,M2B
1672,1976,McLaren,#11 Team McLaren M23
2003,2012,MINI,John Cooper Works GP
2004,2013,Mazda,MX-5
2005,2009,Honda,S2000 CR
2006,1995,Chevrolet,Corvette ZR-1
2009,2013,Audi,RS 7 Sportback
2010,2013,Audi,R8 Coupé V10 plus 5.2 FSI quattro
2015,1976,Ferrari,#1 Scuderia Ferrari 312 T2
2018,2013,BMW,M6 Coupé
2019,2003,Ford,Focus RS
2024,1967,Lotus,Type 49
2033,1967,Brabham,BT24
2034,2013,Ferrari,LaFerrari
2038,2014,Alfa Romeo,4C
2040,2014,BAC,Mono
2042,2013,Lamborghini,Veneno
2051,2014,Maserati,Ghibli S Q4
2066,1926,Bugatti,Type 35 C
2068,1939,Maserati,8CTF
2069,1939,Mercedes-Benz,W154
2083,2015,Mazda,Formula Mazda
2096,1939,Auto Union,Type D
2097,2014,Lexus,IS 350 F Sport
2103,1979,BMW,#6 BMW Motorsport M1 Procar
2104,2013,Dodge,Dart GT
2105,2013,Donkervoort,D8 GTO
2112,1975,BMW,#25 BMW Motorsport 3.0 CSL
2118,2013,Holden,Xbox Racing Team Commodore VF
2125,1981,Ford,#2 Zakspeed Racing Capri Turbo
2126,1990,Ferrari,#1 Scuderia Ferrari 641
2131,2014,HSV,GEN-F GTS
2133,2015,BMW,i8
2142,2014,Volkswagen,Golf R
2149,1993,Renault,Clio Williams
2154,2014,BMW,M4 Coupé
2158,1981,Ford,Fiesta XR2
2160,1979,Opel,Kadett C GT/E
2162,2015,Jaguar,F-TYPE R Coupé
2164,2015,Lamborghini,Huracan LP 610-4
2165,2011,Lotus,Evora S
2166,2014,Infiniti,Q50 Eau Rouge
2168,2015,SUBARU,WRX STI
2175,2015,Lexus,RC F
2177,2015,Chevrolet,Corvette Z06
2178,2001,Audi,RS 4 Avant
2179,2015,Audi,S1
2180,2015,Audi,RS 6 Avant
2181,2013,Aston Martin,V12 Vantage S
2184,2013,Ferrari,458 Speciale
2185,2015,Jaguar,XFR-S
2186,1953,Ferrari,500 Mondial
2189,2015,McLaren,650S Coupe
2193,2000,BMW,323ti Sport
2194,2014,Ferrari,California T
2203,1988,Holden,VL Commodore Group A SV
2205,1970,Honda,S800
2207,1972,Lamborghini,Jarama S
2209,1992,Mazda,323 GT-R
2226,2014,Chevrolet,#3 Corvette Racing Corvette C7.R
2229,2014,Dodge,#93 SRT Motorsports Viper GTS-R
2235,2015,Jaguar,XKR-S GT
2240,2014,Mazda,#70 SpeedSource Lola B12/80
2255,1990,Mazda,MX-5 Miata
2262,2016,Cadillac,ATS-V
2265,1967,Honda,RA300
2266,1976,Lotus,#5 Team Lotus 77
2267,2016,Mazda,MX-5
2268,1963,Ferrari,250LM
2269,1969,Nissan,#21 Nissan Racing R382
2270,1973,Nissan,Skyline H/T 2000GT-R
2271,2014,Audi,#2 Audi Team Joest R18 e-tron quattro
2272,1969,Datsun,2000 Roadster
2275,1967,Eagle-Weslake,T1G
2289,2014,Porsche,911 Turbo S
2290,2014,Porsche,918 Spyder
2293,2022,Porsche,Cayman GTS
2299,1957,Porsche,356A Speedster
2300,1999,BMW,V12 LMR #16
2302,2014,Toyota,#8 Toyota Racing TS040 HYBRID
2312,1969,Lola,#10 Simoniz Special T163
2314,2014,Ford,#17 AMD Tuning Focus ST BTCC
2315,1982,Ferrari,#72 N.A.R.T. 512 BB/LM
2333,1990,Mercury,#15 Whistler Radar Cougar XR-7
2334,1991,Mazda,#62 Mazda Motorsport RX-7
2352,2017,Acura,NSX
2357,2017,Ford,Focus RS
2363,2017,Ford,GT
2368,2015,Nissan,#23 GT-R LM NISMO
2371,2014,Ferrari,FXX K
2379,2015,Lamborghini,#63 Squadra Corse Huracan LP620-2 Super Trofeo
2400,2016,Ford,Shelby GT350R
2401,1964,Ferrari,F-158 F1
2403,2014,Bentley,#17 M-Sport Bentley Continental GT3
2409,2015,Ford,#02 Chip Ganassi Racing Riley Mk XXVI Daytona Prototype
2417,1973,Holden,HQ Monaro GTS 350
2421,2016,Cadillac,CTS-V Sedan
2422,2014,HSV,Limited Edition GEN-F GTS Maloo
2423,1969,Lola,#6 Sunoco T70 MkIIIB
2426,1990,Alpine,GTA Le Mans
2427,2016,Vauxhall,Corsa VXR
2434,1992,Toyota,#99 All American Racers Toyota Eagle MkIII
2467,2015,Ferrari,488 GTB
2468,2015,Dodge,Charger SRT Hellcat
2470,2016,Aston Martin,Vulcan
2471,2016,Mercedes-AMG,C 63 S Coupé
2473,2016,Audi,R8 V10 plus
2474,2016,Zenvo,ST1
2475,2016,Spania GTA,GTA Spano
2479,2016,Lamborghini,Aventador Superveloce
2481,2015,McLaren,P1 GTR
2482,1984,Nissan,#20 Bluebird Super Silhouette
2483,1991,Nissan,#23 Nissan R91CP
2485,2015,Chevrolet,#10 Konica Minolta Corvette Daytona Prototype
2486,2015,Radical,RXC Turbo
2488,1979,Datsun,#33 280ZX Turbo
2493,2015,Aston Martin,Vantage GT12
2506,1953,Maserati,A6GCS/53 PininFarina Berlinetta
2512,1987,Nissan,Skyline GTS-R (HR31)
2514,1992,Ford,Falcon GT
2523,2016,Chevrolet,Camaro Super Sport
2528,2016,Porsche,911 GT3 RS
2532,1980,Porsche,924 Carrera GTS
2534,1993,Porsche,968 Turbo S
2535,1993,Porsche,928 GTS
2537,1960,Porsche,718 RS 60
2538,2015,Porsche,#91 Porsche Team Manthey 991 RSR
2541,2016,Lotus,3-Eleven
2542,2017,Alfa Romeo,Giulia Quadrifoglio
2543,2016,Ford,#66 Ford Racing GT Le Mans
2544,2016,Dodge,Viper ACR
2549,1970,Porsche,#3 917 LH
2551,2014,Ford,FPV Limited Edition Pursuit Ute
2559,1959,Jaguar,Mk II 3.8
2569,2015,Ultima,Evolution Coupe 1020
2577,2015,Ferrari,F12tdf
2580,2015,Ford,Falcon GT F 351
2581,1972,Chrysler,VH Valiant Charger R/T E49
2582,1996,HSV,GTSR
2584,1985,HDT,VK Commodore Group A
2585,1972,Ford,Falcon XA GT-HO
2587,1988,Holden,HSV Commodore Group A SV
2614,1968,Ford,Mustang GT 2+2 Fastback
2616,2016,Lamborghini,Centenario LP 770-4
2618,2017,Nissan,GT-R (R35)
2624,2018,Bugatti,Chiron
2628,2016,BMW,M4 GTS
2647,2016,Pagani,Huayra BC
2654,2017,Mercedes-AMG,GT R
2656,2007,Toyota,Hilux Arctic Trucks AT38
2659,1998,Nissan,Silvia K’s Aero
2665,2017,Bentley,Continental Supersports
2739,2017,Chevrolet,Camaro ZL1
2740,2017,Abarth,124 Spider
2741,2017,Porsche,Panamera Turbo
2743,2016,Toyota,Land Cruiser Arctic Trucks AT37
2755,2018,Porsche,911 GT2 RS
2760,2017,Ford,#17 Shell V-Power Racing Team Falcon FG X
2774,2017,Porsche,#2 Porsche Team 919 Hybrid
2775,2017,Porsche,#92 Porsche GT Team 911 RSR
2776,1976,Chevrolet,#76 Greenwood Corvette
2792,1966,Ford,#2 GT40 MkII Le Mans
2793,1967,Ferrari,#24 Ferrari Spa 330 P4
2794,1993,Porsche,911 Turbo S Leichtbau
2796,2017,Holden,#22 Walkinshaw Performance VF Commodore
2797,2017,Nissan,Altima Racecar
2800,1983,Jaguar,#44 Group 44 XJR-5
2801,1984,Nissan,#11 Tomica Skyline Turbo Super Silhouette
2817,2000,Honda,Prelude Type SH
2823,1967,Nissan,R380 II
2824,2017,BMW,#24 BMW Team RLL M6 GTLM
2826,1988,Jaguar,#1 Jaguar Racing XJR-9
2840,1988,Nissan,#33 Bob Sharp Racing 300ZX
2844,2017,VUHL,05RR
2846,2018,McLaren,720S Coupe
2852,2018,Audi,#1 Audi Sport RS 3 LMS
2859,2016,Audi,#17 Rotek Racing TT RS
2860,2017,Aston Martin,Vantage GT3 Racing V12
2866,2018,Exomotive,Exocet Sport V8 XP-5
2868,1982,Ford,#6 Zakspeed Roush Mustang IMSA GT
2870,2018,Honda,Civic Type R
2872,2019,Hyundai,Veloster N
2874,2018,Nissan,Sentra NISMO
2875,2017,Mercedes-Benz,#33 Mac Tools Ciceley Motorsports A-Class (A45)
2909,2018,Dodge,Challenger SRT Demon
2910,2017,Koenigsegg,Agera RS
2967,2017,Oreca,#38 Jackie Chan DC Racing Oreca 07
2968,2023,Aston Martin,Valkyrie
2972,2019,Ferrari,#62 Risi Competizione 488 GTE
2973,2017,Alpine,A110
2974,2017,Ferrari,812 Superfast
2980,1964,Ford,GT40 Mk I
2981,1986,Ford,Escort RS Turbo
2988,2018,McLaren,Senna
2993,2018,TVR,Griffith
2995,1983,Volkswagen,Golf GTI
2996,2015,Formula Drift,Ford Mustang #13
2997,2016,Formula Drift,HSV Maloo GEN-F #530
3000,1997,Formula Drift,Nissan 240SX #777
3003,2006,Formula Drift,Dodge Viper SRT10 #43
3018,1985,Nissan,#83 GTP ZX-Turbo
3019,1948,Ferrari,166 Inter Sport
3023,1983,Porsche,#11 John Fitzpatrick Racing 956
3024,1967,Aston Martin,DBS
3028,1986,Merkur,#11 MAC Tools XR4Ti
3035,2018,KTM,X-Bow GT4
3046,2018,Ford,Mustang GT
3062,1970,Ferrari,512 S
3064,2018,Mercedes-AMG,GT 4-Door Coupé
3071,2018,BMW,M5
3072,2019,Porsche,911 GT3 RS
3073,2018,BMW,#1 BMW M Motorsport M8 GTE
3079,1963,Shelby,Monaco King Cobra
3080,1969,Matra-Simca,Equipe MS650 Tour de France
3091,2019,Aston Martin,Vantage
3112,2017,Ferrari,#25 Corse Clienti 488 Challenge
3117,2018,Porsche,718 Cayman GTS
3118,2019,Chevrolet,Corvette ZR1
3123,2019,Porsche,911 Carrera S
3125,2017,Aston Martin,Vanquish Zagato Coupe
3129,2008,Renault,Mégane R26.R
3134,2018,Renault,Megane R.S.
3140,2019,Rimac,Concept Two
3141,2018,Apollo,Intensa Emozione
3149,2018,Chevrolet,Camaro ZL1 1LE
3153,2018,McLaren,600LT Coupé
3154,2019,McLaren,720S Spider
3155,2019,McLaren,Senna GTR
3157,2019,McLaren,#03 720S GT3
3158,1991,Ford,#15 Roush Racing Whistler Mustang
3161,2018,Volkswagen,#22 Experion Racing Golf GTI
3168,2019,Bugatti,Divo
3173,2019,BMW,Z4 Roadster
3181,1986,Ford,Mustang SVO
3182,2016,Renault,Clio R.S. 16 Concept
3185,2019,Aston Martin,DBS Superleggera
3191,1973,Lamborghini,Espada 400 GT
3195,2018,ATS,GT
3196,2019,RAESR,Tachyon Speed
3197,2018,Mercedes-AMG,GT3
3211,2017,Aston Martin,Vulcan AMR Pro
3212,2019,Zenvo,TSR-S
3214,2019,Porsche,Motorsport 935
3215,2019,Porsche,911 Speedster
3217,2018,Lamborghini,Huracán Performante
3218,2018,Porsche,#73 Park Place Motorsports 911 GT3 R
3225,2018,Ferrari,Portofino
3226,2017,Ferrari,J50
3227,2019,Ferrari,488 Pista
3228,1999,Ford,Racing Puma
3229,2018,Audi,#44 R8 LMS GT3
3231,2017,Vauxhall,#66 Power Maxed TAG Racing Astra
3239,2018,Lamborghini,#63 Squadra Corse Huracán Super Trofeo Evo
3240,2018,Acura,#36 NSX GT3
3243,2018,Peugeot,#7 DG Sport Compétition 308
3244,1964,Plymouth,Belvedere
3250,2018,Mercedes-AMG,E 63 S
3251,2018,Ford,#98 Breathless Pro Racing TA Mustang
3256,2018,Chevrolet,#23 Ruman Racing TA Corvette
3257,1990,Nissan,Pulsar GTi-R
3264,2018,Audi,RS 5 Coupe
3266,1974,BRM,#14 Team Motul P201
3268,1965,Lotus,Team Lotus type 35
3270,1966,McLaren,#4 Bruce McLaren Motor Racing M1B
3272,2018,SUBARU,#1 Adrian Flux SUBARU Racing Levorg GT
3276,2018,Saleen,S1
3277,2020,Ford,Mustang Shelby GT500
3278,2015,Ford,Saleen S302 Black Label
3281,2015,Cadillac,#3 Cadillac Racing ATS-V.R
3283,2018,Cadillac,#57 TA CTS-V
3284,2021,Hennessey,Camaro Exorcist
3285,2019,Brabham,BT62
3286,2018,Audi,TT RS
3287,1991,Jaguar,Sport XJR-15
3289,2018,Lamborghini,Aventador SVJ
3292,2019,Dodge,#9 American V8 Road Racing TA Challenger
3293,1993,Jaguar,XJ220S TWR
3301,1986,Lotus,Team Lotus 98T
3307,2019,Nissan,370Z Nismo
3309,1965,Lotus,#1 Team Lotus Type 40
3310,1990,Oldsmobile,#75 Cutlass Supreme Trans Am
3311,2018,Ferrari,FXX-K Evo
3312,2019,Ferrari,Monza SP2
3315,2020,Koenigsegg,Jesko
3316,1985,Buick,#6 Performance Motorsports Somerset Regal Trans-Am
3318,2018,Audi,RS 4 Avant
3334,2016,Elemental,Rp1
3338,1988,Nissan,Motorsport International R88C
3359,2021,Audi,RS e-tron GT
3360,2020,Automobili Pininfarina,Battista
3362,1984,Nissan,Silvia Super Silhouette
3363,1999,Nissan,Pennzoil NISMO Skyline GTR
3364,2019,Aston Martin,Valhalla Concept Car
3365,2015,Ligier,Euro international JS P3
3366,2016,NIO,EP9
3367,2019,Ferrari,F8 Tributo
3369,2020,Chevrolet,Corvette Stingray Coupe
3371,2020,Lamborghini,Huracán EVO
3373,2019,Toyota,4Runner TRD Pro
3395,1967,Renault,8 Gordini
3402,2020,Toyota,GR Supra
3403,1978,Renault,Equipe Renault Elf R.S. 01
3412,2019,SUBARU,STI S209
3413,2021,Volkswagen,Golf R
3418,2019,Toyota,86 TRD SE
3420,2020,Acura,#6 ARX-05 DPi
3427,2011,Ginetta,G55 GT4
3429,2019,Ginetta,G40 Junior
3434,2020,BMW,M2 Competition Coupé
3435,1990,Chevrolet,Beretta Trans AM
3436,1970,Ford,Mustang Boss 302 Trans AM
3437,2020,McLaren,GT
3445,2020,Porsche,Taycan Turbo S
3449,2020,Lotus,Evija
3453,2020,Audi,TT RS Coupe
3454,2020,Audi,RS 3 Sedan
3457,2020,Lexus,VASSER SULLIVAN RC F GT3
3460,2019,Ginetta,#6 Team LNT Ginetta G60-LT-P1
3482,2021,McLaren,765LT Coupe
3490,2020,Chevrolet,#3 Corvette Racing C8.R
3492,2020,KTM,X-Bow GT2
3497,1999,Nissan,#23 NISMO Clarion R391
3498,2017,Saleen,S7 LM
3506,1974,Porsche,#1 911 RSR
3517,1966,Brabham,BT8
3518,2020,BMW,M8 Competition Coupé
3520,2021,Lexus,LC 500
3523,2020,Formula Drift,Toyota GR Supra #151
3532,2020,Hyundai,#98 Bryan Herta Autosport Veloster N
3533,2022,Volkswagen,Golf R
3534,2021,MINI,John Cooper Works GP
3537,2020,MG,#20 MG6 XPower
3541,1969,Chevron,B16
3543,2022,Pagani,Huayra R
3545,2020,Honda,#73 LA Honda World Racing Civic
3546,2020,Lexus,RC F Track Edition
3547,2020,Xpeng,P7
3548,2013,Wuling,Sunshine S
3551,2020,Formula Drift,BMW M2 #91
3552,2020,Lynk & Co,#62 Cyan Racing 03
3583,2021,Audi,RS 6 Avant
3584,2021,Audi,RS 7 Sportback
3594,2020,Ferrari,Roma
3595,2020,Ferrari,SF90 Stradale
3599,2022,Gordon Murray Automotive,T.50
3606,2020,Lamborghini,Essenza SCV12
3616,2020,Mercedes-AMG,GT Black Series
3620,2023,Nissan,Z
3622,2020,Nissan,GT-R NISMO (R35)
3625,2021,Rimac,Nevera
3629,2021,Toyota,GR Yaris
3631,2022,Aston Martin,Valkyrie AMR Pro
3633,2019,Lamborghini,Sián FKP 37
3644,2021,BMW,M3 Competition Sedan
3645,2021,BMW,M4 Competition Coupé
3650,2021,Mercedes-AMG,Mercedes-AMG ONE
3655,2021,McLaren,620R
3667,2021,Porsche,911 GT3
3668,2021,McLaren,Artura
3669,2021,Cadillac,#31 Whelen Racing DPi-V.R
3672,2020,Lamborghini,Huracán STO
3676,2021,Hyundai,Elantra N #98
3677,2021,Lynk & Co,03+
3678,2020,Hyundai,i30N
3689,2021,MG,MG6 XPower
3696,1965,Shelby,GT 500
3698,2021,Porsche,Mission R
3700,2021,McLaren,Sabre
3716,2023,Lotus,Emira
3719,2022,Cadillac,CT4-V Blackwing
3720,2022,Cadillac,CT5-V Blackwing
3724,2022,Ferrari,296 GTB
3735,2022,SUBARU,BRZ
3736,2022,Ford,Bronco Raptor
3745,2020,Audi,R8 V10 performance
3759,2020,Lamborghini,Huracan EVO Spyder
3760,2022,Porsche,718 Cayman GT4 RS
3761,2022,Toyota,GR86
3762,2018,Aston Martin,AMR Vantage GTE
3763,2023,BMW,M2
3766,2023,Chevrolet,Corvette Z06
3771,2024,Chevrolet,Corvette E-Ray
3792,2023,Cadillac,#31 Whelen Engineering Cadillac Racing V-Series.R
3795,2023,Meyers,Manx 2.0
3798,2017,Mazda,MX-5 Cup
3800,2020,Chevrolet,Corvette Stingray Coupe Forza Edition
3801,2018,Chevrolet,Camaro ZL1 1LE Forza Edition
3802,2019,Hyundai,Veloster N Forza Edition
3803,2016,Mercedes-AMG,C 63 S Coupé Forza Edition
3804,2019,SUBARU,STI S209 Forza Edition
3807,2018,Porsche,911 GT2 RS Forza Edition
3810,2010,Nissan,Tsuru
3811,2023,Lucid,Air Sapphire
3823,2022,Mazda,MX-5 Miata RF
3827,2023,Hyundai,IONIQ 5 N
3846,2024,Ford,Mustang GT '24
3847,2024,Ford,Mustang Dark Horse
3848,2023,Toyota,Camry TRD
3862,2022,Hyundai,Elantra N
3866,2023,Cadillac,#01 Cadillac Racing V-Series.R
3867,2023,Cadillac,#2 Cadillac Racing V-Series.R
3868,2024,Ford,Mustang RTR #88
3870,2024,Ford,Mustang RTR #25
3876,2023,Porsche,Penske 963
3886,1996,Mitsubishi,Lancer Evolution III GSR
3888,1976,BMW,3.0 CSL #1
3913,2023,BMW,Team RLL M Hybrid V8 #25
3916,2024,Ford,Mustang RTR #130
3919,2023,BMW,M4 GT3 #96
3928,2021,Hyundai,i20N
3972,1969,Chevrolet,Camaro Jordan Luka 3
3993,2024,Toyota,NASCAR Next Gen Camry XSE
3994,2024,Chevrolet,NASCAR Next Gen Camaro ZL1
3995,2024,Ford,NASCAR Next Gen Mustang Dark Horse
